{
  "years": [
    1992,
    1997,
    2002,
    2007,
    2012,
    2017,
    2022
  ],
  "subjective_avg": [
    0.43568818514007307,
    0.43682008368200836,
    0.42004950495049503,
    0.3738618103910016,
    0.44324324324324316,
    0.45067264573991034,
    0.4223032069970845
  ],
  "objective_avg": [
    0.27694884287454324,
    0.6349372384937239,
    0.5846225247524752,
    0.5069630423138726,
    0.5855855855855856,
    0.6061285500747384,
    0.5032798833819242
  ],
  "happiness_avg": [
    null,
    2.5864035087719297,
    2.5185873605947955,
    2.9962506695232993,
    2.1976421636615813,
    2.1696562032884903,
    1.9825072886297377
  ],
  "happiness_std": [
    null,
    0.6911021291894164,
    1.0852572885693557,
    1.2758256103592531,
    0.9010211433712174,
    0.9216252792466264,
    0.8079326887425168
  ]
}